{
    "name": "Blast Away",
    "description": "By using your secondary, yell \"blast away.\" All entities in a 7 block radius will be flung into the air.",
    "type": "origins:active_self",
    "entity_action": {
        "type": "origins:area_of_effect",
        "radius": 7,
        "bientity_action": {
            "type": "origins:target_action",
            "action": {
                "type": "origins:and",
                "actions": [
                    {
                        "type": "origins:add_velocity",
                        "x": 5,
                        "y": 10,
                        "space": "local",
                        "client": true,
                        "server": true,
                        "set": true
                    },
                    {
                        "type": "origins:execute_command",
                        "command": "tellraw @s {\"text\":\"Blast Away\",\"bold\":true,\"italic\":true,\"color\":\"white\"}"
                    }
                ]
            }
        }
    },
    "cooldown": 1200,
    "hud_render": {
        "should_render": true,
        "sprite_location": "origins:textures/gui/community/spiderkolo/resource_bar_01.png",
        "bar_index": 9
    },
    "key": {
        "key": "key.origins.secondary_active"
    }
}