{
    "name": "Die ",
    "description": "By using your tenary while sneaking, you shout \"die.\" Almost all entities within a 7 block radius will do just that.",
    "condition": {
        "type": "origins:sneaking"
    },
    "type": "origins:active_self",
    "entity_action": {
        "type": "origins:area_of_effect",
        "radius": 7,
        "bientity_action": {
            "type": "origins:target_action",
            "action": {
                "type": "origins:and",
                "actions": [
                    {
                        "type": "origins:execute_command",
                        "command": "tellraw @s {\"text\":\"Die\",\"bold\":true,\"color\":\"black\"}"
                    },
                    {
                        "type": "origins:damage",
                        "amount": 30,
                        "source": {
                            "name": "generic.player",
                            "bypasses_armor": true,
                            "unblockable": true,
                            "magic": true
                        }
                    }
                ]
            }
        }
    },
    "cooldown": 2400,
    "hud_render": {
        "should_render": true,
        "sprite_location": "origins:textures/gui/community/spiderkolo/resource_bar_02.png",
        "bar_index": 17
    },
    "key": {
        "key": "key.origins.ternary_active"
    }
}