{
    "name": "Don't Move",
    "description": "By using your primary without sneaking, say \"don't move.\" All entities in a 12 block radius will stop moving for 5 seconds.",
    "condition": {
        "inverted": true,
        "type": "origins:sneaking"
    },
    "type": "origins:active_self",
    "entity_action": {
        "type": "origins:area_of_effect",
        "radius": 12,
        "bientity_action": {
            "type": "origins:target_action",
            "action": {
                "type": "origins:and",
                "actions": [
                    {
                        "type": "origins:apply_effect",
                        "effect": {
                            "effect": "slowness",
                            "duration": 100,
                            "amplifier": 100,
                            "show_particles": false,
                            "show_icon": false
                        }
                    },
                    {
                        "type": "origins:execute_command",
                        "command": "tellraw @s {\"text\":\"Don't Move\",\"bold\":true,\"underlined\":true,\"color\":\"dark_gray\"}"
                    }
                ]
            }
        }
    },
    "cooldown": 300,
    "hud_render": {
        "should_render": true,
        "sprite_location": "origins:textures/gui/community/spiderkolo/resource_bar_03.png",
        "bar_index": 9,
        "icon_index": 3
    },
    "key": {
        "key": "key.origins.primary_active"
    }
}