{
    "name": "Explode",
    "description": "By using your ternary without sneaking, you shout \"explode.\" All entities in a 10 block radius will then blow up.",
    "condition": {
        "inverted": true,
        "type": "origins:sneaking"
    },
    "type": "origins:active_self",
    "entity_action": {
        "type": "origins:area_of_effect",
        "radius": 10,
        "bientity_action": {
            "type": "origins:target_action",
            "action": {
                "type": "origins:and",
                "actions": [
                    {
                        "type": "origins:execute_command",
                        "command": "tellraw @s {\"text\":\"Explode\",\"italic\":true,\"color\":\"gold\"}"
                    },
                    {
                        "type": "origins:execute_command",
                        "command": "summon tnt"
                    }
                ]
            }
        }
    },
    "cooldown": 1800,
    "hud_render": {
        "should_render": true,
        "sprite_location": "origins:textures/gui/community/spiderkolo/resource_bar_01.png",
        "bar_index": 0
    },
    "key": {
        "key": "key.origins.ternary_active"
    }
}