{
    "name": "Sleep",
    "description": "By using your primary while sneaking, say \"sleep.\" All entities in a 7 block radius will get blindness and be unable to move for 10 seconds.",
    "condition": {
        "type": "origins:sneaking"
    },
    "type": "origins:active_self",
    "entity_action": {
        "type": "origins:area_of_effect",
        "radius": 12,
        "bientity_action": {
            "type": "origins:target_action",
            "action": {
                "type": "origins:and",
                "actions": [
                    {
                        "type": "origins:apply_effect",
                        "effect": {
                            "effect": "slowness",
                            "duration": 200,
                            "amplifier": 100,
                            "show_particles": false,
                            "show_icon": false
                        },
                        "effects": [
                            {
                                "effect": "blindness",
                                "duration": 200,
                                "amplifier": 100,
                                "show_particles": false,
                                "show_icon": true
                            }
                        ]
                    },
                    {
                        "type": "origins:execute_command",
                        "command": "tellraw @s {\"text\":\"Sleep\",\"italic\":true,\"color\":\"white\"}"
                    }
                ]
            }
        }
    },
    "cooldown": 600,
    "hud_render": {
        "should_render": true,
        "sprite_location": "origins:textures/gui/community/spiderkolo/resource_bar_03.png",
        "bar_index": 12
    },
    "key": {
        "key": "key.origins.primary_active"
    }
}