{
    "name": "Swapping Clap",
    "description": "By using your primary, clap your hands and swap places with an opponent.",
    "badges": [
        {
            "type": "origins:tooltip",
            "text": "You will shoot out an invisible particle, that when it hits an entity, you swap places with it. This extends to players, mobs, and dropped items.",
            "sprite": "origins:textures/gui/badge/star.png"
        }
    ],
    "type": "origins:active_self",
    "entity_action": {
        "type": "origins:raycast",
        "distance": 30,
        "block": false,
        "entity": true,
        "shape_type": "outline",
        "fluid_handling": "any",
        "bientity_condition": {
            "type": "origins:target_condition",
            "condition": {
                "inverted": true,
                "type": "origins:and",
                "conditions": [
                    {
                        "type": "origins:origin",
                        "origin": "natural:techniqueless",
                        "layer": "origins:technique"
                    },
                    {
                        "type": "origins:origin",
                        "origin": "natural:heavenly_restriction",
                        "layer": "origins:technique"
                    }
                ]
            }
        },
        "bientity_action": {
            "type": "appli:teleport",
            "swap": true
        },
        "space": "world",
        "command_along_ray": "particle soul_fire_flame"
    },
    "cooldown": 150,
    "hud_render": {
        "should_render": true,
        "sprite_location": "origins:textures/gui/community/spiderkolo/resource_bar_02.png",
        "bar_index": 8
    },
    "key": {
        "key": "key.origins.primary_active"
    }
}