{
    "name": "Copy",
    "description": "When your denary is activated, you can create orbs with stored copies of anyone's technique. When you consume the orb, you will gain the technique until you consume another orb.",
    "badges": [
        {
            "type": "origins:tooltip",
            "text": "The technique will stay copied until you copy another person's technique.",
            "sprite": "origins:textures/gui/badge/star.png"
        },
        {
            "type": "origins:tooltip",
            "text": "You can only copy techniques while your hands are empty.",
            "sprite": "origins:textures/gui/badge/star.png"
        }
    ],
    "type": "origins:toggle",
    "active_by_default": false,
    "key": {
        "key": "key.origins.denary_active"
    },
    "retain_state": true
}