{
    "hidden": true,
    "type": "origins:multiple",
    "blood_manipulation": {
        "condition": {
            "type": "origins:power_active",
            "power": "natural:mimicry/copy_toggle"
        },
        "type": "origins:action_on_entity_use",
        "bientity_action": {
            "type": "origins:actor_action",
            "action": {
                "type": "origins:execute_command",
                "command": "give @s natural:blood_manipulation_orb"
            }
        },
        "bientity_condition": {
            "type": "origins:target_condition",
            "condition": {
                "type": "origins:origin",
                "origin": "natural:blood_manipulation",
                "layer": "origins:technique"
            }
        },
        "item_condition": {
            "type": "origins:empty"
        },
        "action_result": "success",
        "priority": 0
    },
    "clap_and_flash": {
        "condition": {
            "type": "origins:power_active",
            "power": "natural:mimicry/copy_toggle"
        },
        "type": "origins:action_on_entity_use",
        "bientity_action": {
            "type": "origins:actor_action",
            "action": {
                "type": "origins:execute_command",
                "command": "give @s natural:clapand_flash_orb"
            }
        },
        "bientity_condition": {
            "type": "origins:target_condition",
            "condition": {
                "type": "origins:origin",
                "origin": "natural:clap_and_flash",
                "layer": "origins:technique"
            }
        },
        "item_condition": {
            "type": "origins:empty"
        },
        "action_result": "success",
        "priority": 0
    },
    "concentrated_rage": {
        "condition": {
            "type": "origins:power_active",
            "power": "natural:mimicry/copy_toggle"
        },
        "type": "origins:action_on_entity_use",
        "bientity_action": {
            "type": "origins:actor_action",
            "action": {
                "type": "origins:execute_command",
                "command": "give @s natural:concentrated_rage_orb"
            }
        },
        "bientity_condition": {
            "type": "origins:target_condition",
            "condition": {
                "type": "origins:origin",
                "origin": "natural:concentrated_rage",
                "layer": "origins:technique"
            }
        },
        "item_condition": {
            "type": "origins:empty"
        },
        "action_result": "success",
        "priority": 0
    },
    "gravity_repulsion": {
        "condition": {
            "type": "origins:power_active",
            "power": "natural:mimicry/copy_toggle"
        },
        "type": "origins:action_on_entity_use",
        "bientity_action": {
            "type": "origins:actor_action",
            "action": {
                "type": "origins:execute_command",
                "command": "give @s natural:gravity_repulsion_orb"
            }
        },
        "bientity_condition": {
            "type": "origins:target_condition",
            "condition": {
                "type": "origins:origin",
                "origin": "natural:gravity_repulsion",
                "layer": "origins:technique"
            }
        },
        "item_condition": {
            "type": "origins:empty"
        },
        "action_result": "success",
        "priority": 0
    },
    "impersonator": {
        "condition": {
            "type": "origins:power_active",
            "power": "natural:mimicry/copy_toggle"
        },
        "type": "origins:action_on_entity_use",
        "bientity_action": {
            "type": "origins:actor_action",
            "action": {
                "type": "origins:execute_command",
                "command": "give @s natural:impersonator_orb"
            }
        },
        "bientity_condition": {
            "type": "origins:target_condition",
            "condition": {
                "type": "origins:origin",
                "origin": "natural:impersonator",
                "layer": "origins:technique"
            }
        },
        "item_condition": {
            "type": "origins:empty"
        },
        "action_result": "success",
        "priority": 0
    },
    "permeation": {
        "condition": {
            "type": "origins:power_active",
            "power": "natural:mimicry/copy_toggle"
        },
        "type": "origins:action_on_entity_use",
        "bientity_action": {
            "type": "origins:actor_action",
            "action": {
                "type": "origins:execute_command",
                "command": "give @s natural:permeation_orb"
            }
        },
        "bientity_condition": {
            "type": "origins:target_condition",
            "condition": {
                "type": "origins:origin",
                "origin": "natural:permeation",
                "layer": "origins:technique"
            }
        },
        "item_condition": {
            "type": "origins:empty"
        },
        "action_result": "success",
        "priority": 0
    },
    "seance": {
        "condition": {
            "type": "origins:power_active",
            "power": "natural:mimicry/copy_toggle"
        },
        "type": "origins:action_on_entity_use",
        "bientity_action": {
            "type": "origins:actor_action",
            "action": {
                "type": "origins:execute_command",
                "command": "give @s natural:seance_orb"
            }
        },
        "bientity_condition": {
            "type": "origins:target_condition",
            "condition": {
                "type": "origins:origin",
                "origin": "natural:seance",
                "layer": "origins:technique"
            }
        },
        "item_condition": {
            "type": "origins:empty"
        },
        "action_result": "success",
        "priority": 0
    },
    "self_detonation": {
        "condition": {
            "type": "origins:power_active",
            "power": "natural:mimicry/copy_toggle"
        },
        "type": "origins:action_on_entity_use",
        "bientity_action": {
            "type": "origins:actor_action",
            "action": {
                "type": "origins:execute_command",
                "command": "give @s natural:self_detonation_orb"
            }
        },
        "bientity_condition": {
            "type": "origins:target_condition",
            "condition": {
                "type": "origins:origin",
                "origin": "natural:self_detonation",
                "layer": "origins:technique"
            }
        },
        "item_condition": {
            "type": "origins:empty"
        },
        "action_result": "success",
        "priority": 0
    },
    "soul_touch": {
        "condition": {
            "type": "origins:power_active",
            "power": "natural:mimicry/copy_toggle"
        },
        "type": "origins:action_on_entity_use",
        "bientity_action": {
            "type": "origins:actor_action",
            "action": {
                "type": "origins:execute_command",
                "command": "give @s natural:soul_touch_orb"
            }
        },
        "bientity_condition": {
            "type": "origins:target_condition",
            "condition": {
                "type": "origins:origin",
                "origin": "natural:soul_touch",
                "layer": "origins:technique"
            }
        },
        "item_condition": {
            "type": "origins:empty"
        },
        "action_result": "success",
        "priority": 0
    },
    "target": {
        "condition": {
            "type": "origins:power_active",
            "power": "natural:mimicry/copy_toggle"
        },
        "type": "origins:action_on_entity_use",
        "bientity_action": {
            "type": "origins:actor_action",
            "action": {
                "type": "origins:execute_command",
                "command": "give @s natural:target_orb"
            }
        },
        "bientity_condition": {
            "type": "origins:target_condition",
            "condition": {
                "type": "origins:origin",
                "origin": "natural:target",
                "layer": "origins:technique"
            }
        },
        "item_condition": {
            "type": "origins:empty"
        },
        "action_result": "success",
        "priority": 0
    },
    "vocal_manipulation": {
        "condition": {
            "type": "origins:power_active",
            "power": "natural:mimicry/copy_toggle"
        },
        "type": "origins:action_on_entity_use",
        "bientity_action": {
            "type": "origins:actor_action",
            "action": {
                "type": "origins:execute_command",
                "command": "give @s natural:vocal_manipulation_orb"
            }
        },
        "bientity_condition": {
            "type": "origins:target_condition",
            "condition": {
                "type": "origins:origin",
                "origin": "natural:vocal_manipulation",
                "layer": "origins:technique"
            }
        },
        "item_condition": {
            "type": "origins:empty"
        },
        "action_result": "success",
        "priority": 0
    },
    "string_manipulation": {
        "condition": {
            "type": "origins:power_active",
            "power": "natural:mimicry/copy_toggle"
        },
        "type": "origins:action_on_entity_use",
        "bientity_action": {
            "type": "origins:actor_action",
            "action": {
                "type": "origins:execute_command",
                "command": "give @s natural:string_manipulation_orb"
            }
        },
        "bientity_condition": {
            "type": "origins:target_condition",
            "condition": {
                "type": "origins:origin",
                "origin": "natural:string_manipulation",
                "layer": "origins:technique"
            }
        },
        "item_condition": {
            "type": "origins:empty"
        },
        "action_result": "success",
        "priority": 0
    },
    "shatter": {
        "condition": {
            "type": "origins:power_active",
            "power": "natural:mimicry/copy_toggle"
        },
        "type": "origins:action_on_entity_use",
        "bientity_action": {
            "type": "origins:actor_action",
            "action": {
                "type": "origins:execute_command",
                "command": "give @s natural:shatter_orb"
            }
        },
        "bientity_condition": {
            "type": "origins:target_condition",
            "condition": {
                "type": "origins:origin",
                "origin": "natural:shatter",
                "layer": "origins:technique"
            }
        },
        "item_condition": {
            "type": "origins:empty"
        },
        "action_result": "success",
        "priority": 0
    },
    "simulation": {
        "condition": {
            "type": "origins:power_active",
            "power": "natural:mimicry/copy_toggle"
        },
        "type": "origins:action_on_entity_use",
        "bientity_action": {
            "type": "origins:actor_action",
            "action": {
                "type": "origins:execute_command",
                "command": "give @s natural:simulation_orb"
            }
        },
        "bientity_condition": {
            "type": "origins:target_condition",
            "condition": {
                "type": "origins:origin",
                "origin": "natural:simulation",
                "layer": "origins:technique"
            }
        },
        "item_condition": {
            "type": "origins:empty"
        },
        "action_result": "success",
        "priority": 0
    },
    "shadow_manipulation": {
        "condition": {
            "type": "origins:power_active",
            "power": "natural:mimicry/copy_toggle"
        },
        "type": "origins:action_on_entity_use",
        "bientity_action": {
            "type": "origins:actor_action",
            "action": {
                "type": "origins:execute_command",
                "command": "give @s natural:shadow_manipulation_orb"
            }
        },
        "bientity_condition": {
            "type": "origins:target_condition",
            "condition": {
                "type": "origins:origin",
                "origin": "natural:shadow_manipulation",
                "layer": "origins:technique"
            }
        },
        "item_condition": {
            "type": "origins:empty"
        },
        "action_result": "success",
        "priority": 0
    },
    "invisibility": {
        "condition": {
            "type": "origins:power_active",
            "power": "natural:mimicry/copy_toggle"
        },
        "type": "origins:action_on_entity_use",
        "bientity_action": {
            "type": "origins:actor_action",
            "action": {
                "type": "origins:execute_command",
                "command": "give @s natural:invisibility_orb"
            }
        },
        "bientity_condition": {
            "type": "origins:target_condition",
            "condition": {
                "type": "origins:origin",
                "origin": "natural:invisibility",
                "layer": "origins:technique"
            }
        },
        "item_condition": {
            "type": "origins:empty"
        },
        "action_result": "success",
        "priority": 0
    },
    "healing_flame": {
        "condition": {
            "type": "origins:power_active",
            "power": "natural:mimicry/copy_toggle"
        },
        "type": "origins:action_on_entity_use",
        "bientity_action": {
            "type": "origins:actor_action",
            "action": {
                "type": "origins:execute_command",
                "command": "give @s natural:healing_flame_orb"
            }
        },
        "bientity_condition": {
            "type": "origins:target_condition",
            "condition": {
                "type": "origins:origin",
                "origin": "natural:healing_flame",
                "layer": "origins:technique"
            }
        },
        "item_condition": {
            "type": "origins:empty"
        },
        "action_result": "success",
        "priority": 0
    }
}