{
    "hidden": true,
    "type": "origins:multiple",
    "blood_manipulation": {
        "type": "origins:action_on_item_use",
        "entity_action": {
            "type": "origins:execute_command",
            "command": "origin set @s origins:technique natural:mimicry_copied/mimic_blood_manipulation"
        },
        "item_condition": {
            "type": "origins:ingredient",
            "ingredient": {
                "item": "natural:blood_manipulation_orb"
            }
        },
        "trigger": "finish",
        "priority": 0
    },
    "clap_and_flash": {
        "type": "origins:action_on_item_use",
        "entity_action": {
            "type": "origins:execute_command",
            "command": "origin set @s origins:technique natural:mimicry_copied/mimic_clap_and_flash"
        },
        "item_condition": {
            "type": "origins:ingredient",
            "ingredient": {
                "item": "natural:clapand_flash_orb"
            }
        },
        "trigger": "finish",
        "priority": 0
    },
    "concentrated_rage": {
        "type": "origins:action_on_item_use",
        "entity_action": {
            "type": "origins:execute_command",
            "command": "origin set @s origins:technique natural:mimicry_copied/mimic_concentrated_rage"
        },
        "item_condition": {
            "type": "origins:ingredient",
            "ingredient": {
                "item": "natural:concentrated_rage_orb"
            }
        },
        "trigger": "finish",
        "priority": 0
    },
    "gravity_repulsion": {
        "type": "origins:action_on_item_use",
        "entity_action": {
            "type": "origins:execute_command",
            "command": "origin set @s origins:technique natural:mimicry_copied/mimic_gravity_repulsion"
        },
        "item_condition": {
            "type": "origins:ingredient",
            "ingredient": {
                "item": "natural:gravity_repulsion_orb"
            }
        },
        "trigger": "finish",
        "priority": 0
    },
    "impersonator": {
        "type": "origins:action_on_item_use",
        "entity_action": {
            "type": "origins:execute_command",
            "command": "origin set @s origins:technique natural:mimicry_copied/mimic_impersonator"
        },
        "item_condition": {
            "type": "origins:ingredient",
            "ingredient": {
                "item": "natural:impersonator_orb"
            }
        },
        "trigger": "finish",
        "priority": 0
    },
    "permeation": {
        "type": "origins:action_on_item_use",
        "entity_action": {
            "type": "origins:execute_command",
            "command": "origin set @s origins:technique natural:mimicry_copied/mimic_permeation"
        },
        "item_condition": {
            "type": "origins:ingredient",
            "ingredient": {
                "item": "natural:permeation_orb"
            }
        },
        "trigger": "finish",
        "priority": 0
    },
    "seance": {
        "type": "origins:action_on_item_use",
        "entity_action": {
            "type": "origins:execute_command",
            "command": "origin set @s origins:technique natural:mimicry_copied/mimic_seance"
        },
        "item_condition": {
            "type": "origins:ingredient",
            "ingredient": {
                "item": "natural:seance_orb"
            }
        },
        "trigger": "finish",
        "priority": 0
    },
    "self_detonation": {
        "type": "origins:action_on_item_use",
        "entity_action": {
            "type": "origins:execute_command",
            "command": "origin set @s origins:technique natural:mimicry_copied/mimic_self_detonation"
        },
        "item_condition": {
            "type": "origins:ingredient",
            "ingredient": {
                "item": "natural:self_detonation_orb"
            }
        },
        "trigger": "finish",
        "priority": 0
    },
    "soul_touch": {
        "type": "origins:action_on_item_use",
        "entity_action": {
            "type": "origins:execute_command",
            "command": "origin set @s origins:technique natural:mimicry_copied/mimic_soul_touch"
        },
        "item_condition": {
            "type": "origins:ingredient",
            "ingredient": {
                "item": "natural:soul_touch_orb"
            }
        },
        "trigger": "finish",
        "priority": 0
    },
    "target": {
        "type": "origins:action_on_item_use",
        "entity_action": {
            "type": "origins:execute_command",
            "command": "origin set @s origins:technique natural:mimicry_copied/mimic_target"
        },
        "item_condition": {
            "type": "origins:ingredient",
            "ingredient": {
                "item": "natural:target_orb"
            }
        },
        "trigger": "finish",
        "priority": 0
    },
    "vocal_manipulation": {
        "type": "origins:action_on_item_use",
        "entity_action": {
            "type": "origins:execute_command",
            "command": "origin set @s origins:technique natural:mimicry_copied/mimic_vocal_manipulation"
        },
        "item_condition": {
            "type": "origins:ingredient",
            "ingredient": {
                "item": "natural:vocal_manipulation_orb"
            }
        },
        "trigger": "finish",
        "priority": 0
    },
    "shatter": {
        "type": "origins:action_on_item_use",
        "entity_action": {
            "type": "origins:execute_command",
            "command": "origin set @s origins:technique natural:mimicry_copied/mimic_shatter"
        },
        "item_condition": {
            "type": "origins:ingredient",
            "ingredient": {
                "item": "natural:shatter_orb"
            }
        },
        "trigger": "finish",
        "priority": 0
    },
    "string_manipulation": {
        "type": "origins:action_on_item_use",
        "entity_action": {
            "type": "origins:execute_command",
            "command": "origin set @s origins:technique natural:mimicry_copied/mimic_string_manipulation"
        },
        "item_condition": {
            "type": "origins:ingredient",
            "ingredient": {
                "item": "natural:string_manipulation_orb"
            }
        },
        "trigger": "finish",
        "priority": 0
    },
    "simulation": {
        "type": "origins:action_on_item_use",
        "entity_action": {
            "type": "origins:execute_command",
            "command": "origin set @s origins:technique natural:mimicry_copied/mimic_simulation"
        },
        "item_condition": {
            "type": "origins:ingredient",
            "ingredient": {
                "item": "natural:simulation_orb"
            }
        },
        "trigger": "finish",
        "priority": 0
    },
    "shadow_manipulation": {
        "type": "origins:action_on_item_use",
        "entity_action": {
            "type": "origins:execute_command",
            "command": "origin set @s origins:technique natural:mimicry_copied/mimic_shadow_manipulation"
        },
        "item_condition": {
            "type": "origins:ingredient",
            "ingredient": {
                "item": "natural:shadow_manipulation_orb"
            }
        },
        "trigger": "finish",
        "priority": 0
    },
    "invisibility": {
        "type": "origins:action_on_item_use",
        "entity_action": {
            "type": "origins:execute_command",
            "command": "origin set @s origins:technique natural:mimicry_copied/mimic_invisibility\n"
        },
        "item_condition": {
            "type": "origins:ingredient",
            "ingredient": {
                "item": "natural:invisibility_orb"
            }
        },
        "trigger": "finish",
        "priority": 0
    },
    "healing_flame": {
        "type": "origins:action_on_item_use",
        "entity_action": {
            "type": "origins:execute_command",
            "command": "origin set @s origins:technique natural:mimicry_copied/mimic_healing_flame"
        },
        "item_condition": {
            "type": "origins:ingredient",
            "ingredient": {
                "item": "natural:healing_flame_orb"
            }
        },
        "trigger": "finish",
        "priority": 0
    }
}