{
    "hidden": true,
    "condition": {
        "type": "origins:power_active",
        "power": "natural:healing_flame/toggle"
    },
    "type": "origins:action_on_entity_use",
    "bientity_action": {
        "type": "origins:target_action",
        "action": {
            "type": "origins:and",
            "actions": [
                {
                    "type": "origins:set_on_fire",
                    "duration": 5
                },
                {
                    "type": "origins:apply_effect",
                    "effect": {
                        "effect": "regeneration",
                        "duration": 100,
                        "amplifier": 1,
                        "show_particles": false,
                        "show_icon": false
                    },
                    "effects": [
                        {
                            "effect": "fire_resistance",
                            "duration": 100,
                            "amplifier": 0,
                            "show_particles": false,
                            "show_icon": false
                        }
                    ]
                }
            ]
        }
    },
    "action_result": "success",
    "priority": 0
}