{
    "name": "Self Blaze",
    "description": "By using your secondary, set yourself on fire, causing you to heal.",
    "type": "origins:active_self",
    "entity_action": {
        "type": "origins:and",
        "actions": [
            {
                "type": "origins:apply_effect",
                "effect": {
                    "effect": "regeneration",
                    "duration": 100,
                    "amplifier": 1,
                    "show_particles": false,
                    "show_icon": false
                },
                "effects": [
                    {
                        "effect": "fire_resistance",
                        "duration": 100,
                        "amplifier": 0,
                        "show_particles": false,
                        "show_icon": false
                    }
                ]
            },
            {
                "type": "origins:set_on_fire",
                "duration": 5
            }
        ]
    },
    "cooldown": 600,
    "hud_render": {
        "should_render": true,
        "sprite_location": "origins:textures/gui/community/huang/resource_bar_01.png",
        "bar_index": 4
    },
    "key": {
        "key": "key.origins.secondary_active"
    }
}