{
    "hidden": true,
    "type": "origins:multiple",
    "blood_manipulation": {
        "condition": {
            "type": "origins:power_active",
            "power": "natural:transference/theft_toggle"
        },
        "type": "origins:action_on_entity_use",
        "bientity_action": {
            "type": "origins:and",
            "actions": [
                {
                    "type": "origins:actor_action",
                    "action": {
                        "type": "origins:execute_command",
                        "command": "origin set @s origins:technique natural:transference/blood_manipulation"
                    }
                },
                {
                    "type": "origins:target_action",
                    "action": {
                        "type": "origins:execute_command",
                        "command": "origin set @s origins:technique natural:techniqueless"
                    }
                }
            ]
        },
        "bientity_condition": {
            "type": "origins:target_condition",
            "condition": {
                "type": "origins:origin",
                "origin": "natural:blood_manipulation",
                "layer": "origins:technique"
            }
        },
        "action_result": "success",
        "priority": 0
    },
    "clap_and_flash": {
        "condition": {
            "type": "origins:power_active",
            "power": "natural:transference/theft_toggle"
        },
        "type": "origins:action_on_entity_use",
        "bientity_action": {
            "type": "origins:and",
            "actions": [
                {
                    "type": "origins:actor_action",
                    "action": {
                        "type": "origins:execute_command",
                        "command": "origin set @s origins:technique natural:transference/clap_and_flash"
                    }
                },
                {
                    "type": "origins:target_action",
                    "action": {
                        "type": "origins:execute_command",
                        "command": "origin set @s origins:technique natural:techniqueless"
                    }
                }
            ]
        },
        "bientity_condition": {
            "type": "origins:target_condition",
            "condition": {
                "type": "origins:origin",
                "origin": "natural:clap_and_flash",
                "layer": "origins:technique"
            }
        },
        "action_result": "success",
        "priority": 0
    },
    "concentrated_rage": {
        "condition": {
            "type": "origins:power_active",
            "power": "natural:transference/theft_toggle"
        },
        "type": "origins:action_on_entity_use",
        "bientity_action": {
            "type": "origins:and",
            "actions": [
                {
                    "type": "origins:actor_action",
                    "action": {
                        "type": "origins:execute_command",
                        "command": "origin set @s origins:technique natural:transference/concentrated_rage"
                    }
                },
                {
                    "type": "origins:target_action",
                    "action": {
                        "type": "origins:execute_command",
                        "command": "origin set @s origins:technique natural:techniqueless"
                    }
                }
            ]
        },
        "bientity_condition": {
            "type": "origins:target_condition",
            "condition": {
                "type": "origins:origin",
                "origin": "natural:concentrated_rage",
                "layer": "origins:technique"
            }
        },
        "action_result": "success",
        "priority": 0
    },
    "gravity_repulsion": {
        "condition": {
            "type": "origins:power_active",
            "power": "natural:transference/theft_toggle"
        },
        "type": "origins:action_on_entity_use",
        "bientity_action": {
            "type": "origins:and",
            "actions": [
                {
                    "type": "origins:actor_action",
                    "action": {
                        "type": "origins:execute_command",
                        "command": "origin set @s origins:technique natural:transference/gravity_repulsion"
                    }
                },
                {
                    "type": "origins:target_action",
                    "action": {
                        "type": "origins:execute_command",
                        "command": "origin set @s origins:technique natural:techniqueless"
                    }
                }
            ]
        },
        "bientity_condition": {
            "type": "origins:target_condition",
            "condition": {
                "type": "origins:origin",
                "origin": "natural:gravity_repulsion",
                "layer": "origins:technique"
            }
        },
        "action_result": "success",
        "priority": 0
    },
    "healing_flame": {
        "condition": {
            "type": "origins:power_active",
            "power": "natural:transference/theft_toggle"
        },
        "type": "origins:action_on_entity_use",
        "bientity_action": {
            "type": "origins:and",
            "actions": [
                {
                    "type": "origins:actor_action",
                    "action": {
                        "type": "origins:execute_command",
                        "command": "origin set @s origins:technique natural:transference/healing_flame"
                    }
                },
                {
                    "type": "origins:target_action",
                    "action": {
                        "type": "origins:execute_command",
                        "command": "origin set @s origins:technique natural:techniqueless"
                    }
                }
            ]
        },
        "bientity_condition": {
            "type": "origins:target_condition",
            "condition": {
                "type": "origins:origin",
                "origin": "natural:healing_flame",
                "layer": "origins:technique"
            }
        },
        "action_result": "success",
        "priority": 0
    },
    "impersonator": {
        "condition": {
            "type": "origins:power_active",
            "power": "natural:transference/theft_toggle"
        },
        "type": "origins:action_on_entity_use",
        "bientity_action": {
            "type": "origins:and",
            "actions": [
                {
                    "type": "origins:actor_action",
                    "action": {
                        "type": "origins:execute_command",
                        "command": "origin set @s origins:technique natural:transference/impersonator"
                    }
                },
                {
                    "type": "origins:target_action",
                    "action": {
                        "type": "origins:execute_command",
                        "command": "origin set @s origins:technique natural:techniqueless"
                    }
                }
            ]
        },
        "bientity_condition": {
            "type": "origins:target_condition",
            "condition": {
                "type": "origins:origin",
                "origin": "natural:impersonator",
                "layer": "origins:technique"
            }
        },
        "action_result": "success",
        "priority": 0
    },
    "invisibility": {
        "condition": {
            "type": "origins:power_active",
            "power": "natural:transference/theft_toggle"
        },
        "type": "origins:action_on_entity_use",
        "bientity_action": {
            "type": "origins:and",
            "actions": [
                {
                    "type": "origins:actor_action",
                    "action": {
                        "type": "origins:execute_command",
                        "command": "origin set @s origins:technique natural:transference/invisibility"
                    }
                },
                {
                    "type": "origins:target_action",
                    "action": {
                        "type": "origins:execute_command",
                        "command": "origin set @s origins:technique natural:techniqueless"
                    }
                }
            ]
        },
        "bientity_condition": {
            "type": "origins:target_condition",
            "condition": {
                "type": "origins:origin",
                "origin": "natural:invisibility",
                "layer": "origins:technique"
            }
        },
        "action_result": "success",
        "priority": 0
    },
    "permeation": {
        "condition": {
            "type": "origins:power_active",
            "power": "natural:transference/theft_toggle"
        },
        "type": "origins:action_on_entity_use",
        "bientity_action": {
            "type": "origins:and",
            "actions": [
                {
                    "type": "origins:actor_action",
                    "action": {
                        "type": "origins:execute_command",
                        "command": "origin set @s origins:technique natural:transference/permeation"
                    }
                },
                {
                    "type": "origins:target_action",
                    "action": {
                        "type": "origins:execute_command",
                        "command": "origin set @s origins:technique natural:techniqueless"
                    }
                }
            ]
        },
        "bientity_condition": {
            "type": "origins:target_condition",
            "condition": {
                "type": "origins:origin",
                "origin": "natural:permeation",
                "layer": "origins:technique"
            }
        },
        "action_result": "success",
        "priority": 0
    },
    "seance": {
        "condition": {
            "type": "origins:power_active",
            "power": "natural:transference/theft_toggle"
        },
        "type": "origins:action_on_entity_use",
        "bientity_action": {
            "type": "origins:and",
            "actions": [
                {
                    "type": "origins:actor_action",
                    "action": {
                        "type": "origins:execute_command",
                        "command": "origin set @s origins:technique natural:transference/seance"
                    }
                },
                {
                    "type": "origins:target_action",
                    "action": {
                        "type": "origins:execute_command",
                        "command": "origin set @s origins:technique natural:techniqueless"
                    }
                }
            ]
        },
        "bientity_condition": {
            "type": "origins:target_condition",
            "condition": {
                "type": "origins:origin",
                "origin": "natural:seance",
                "layer": "origins:technique"
            }
        },
        "action_result": "success",
        "priority": 0
    },
    "self_detonation": {
        "condition": {
            "type": "origins:power_active",
            "power": "natural:transference/theft_toggle"
        },
        "type": "origins:action_on_entity_use",
        "bientity_action": {
            "type": "origins:and",
            "actions": [
                {
                    "type": "origins:actor_action",
                    "action": {
                        "type": "origins:execute_command",
                        "command": "origin set @s origins:technique natural:transference/self_detonation"
                    }
                },
                {
                    "type": "origins:target_action",
                    "action": {
                        "type": "origins:execute_command",
                        "command": "origin set @s origins:technique natural:techniqueless"
                    }
                }
            ]
        },
        "bientity_condition": {
            "type": "origins:target_condition",
            "condition": {
                "type": "origins:origin",
                "origin": "natural:self_detonation",
                "layer": "origins:technique"
            }
        },
        "action_result": "success",
        "priority": 0
    },
    "shadow_manipulation": {
        "condition": {
            "type": "origins:power_active",
            "power": "natural:transference/theft_toggle"
        },
        "type": "origins:action_on_entity_use",
        "bientity_action": {
            "type": "origins:and",
            "actions": [
                {
                    "type": "origins:actor_action",
                    "action": {
                        "type": "origins:execute_command",
                        "command": "origin set @s origins:technique natural:transference/shadow_manipulation"
                    }
                },
                {
                    "type": "origins:target_action",
                    "action": {
                        "type": "origins:execute_command",
                        "command": "origin set @s origins:technique natural:techniqueless"
                    }
                }
            ]
        },
        "bientity_condition": {
            "type": "origins:target_condition",
            "condition": {
                "type": "origins:origin",
                "origin": "natural:shadow_manipulation",
                "layer": "origins:technique"
            }
        },
        "action_result": "success",
        "priority": 0
    },
    "shatter": {
        "condition": {
            "type": "origins:power_active",
            "power": "natural:transference/theft_toggle"
        },
        "type": "origins:action_on_entity_use",
        "bientity_action": {
            "type": "origins:and",
            "actions": [
                {
                    "type": "origins:actor_action",
                    "action": {
                        "type": "origins:execute_command",
                        "command": "origin set @s origins:technique natural:transference/shatter"
                    }
                },
                {
                    "type": "origins:target_action",
                    "action": {
                        "type": "origins:execute_command",
                        "command": "origin set @s origins:technique natural:techniqueless"
                    }
                }
            ]
        },
        "bientity_condition": {
            "type": "origins:target_condition",
            "condition": {
                "type": "origins:origin",
                "origin": "natural:shatter",
                "layer": "origins:technique"
            }
        },
        "action_result": "success",
        "priority": 0
    },
    "simulation": {
        "condition": {
            "type": "origins:power_active",
            "power": "natural:transference/theft_toggle"
        },
        "type": "origins:action_on_entity_use",
        "bientity_action": {
            "type": "origins:and",
            "actions": [
                {
                    "type": "origins:actor_action",
                    "action": {
                        "type": "origins:execute_command",
                        "command": "origin set @s origins:technique natural:transference/simulation"
                    }
                },
                {
                    "type": "origins:target_action",
                    "action": {
                        "type": "origins:execute_command",
                        "command": "origin set @s origins:technique natural:techniqueless"
                    }
                }
            ]
        },
        "bientity_condition": {
            "type": "origins:target_condition",
            "condition": {
                "type": "origins:origin",
                "origin": "natural:simulation",
                "layer": "origins:technique"
            }
        },
        "action_result": "success",
        "priority": 0
    },
    "soul_touch": {
        "condition": {
            "type": "origins:power_active",
            "power": "natural:transference/theft_toggle"
        },
        "type": "origins:action_on_entity_use",
        "bientity_action": {
            "type": "origins:and",
            "actions": [
                {
                    "type": "origins:actor_action",
                    "action": {
                        "type": "origins:execute_command",
                        "command": "origin set @s origins:technique natural:transference/soul_touch"
                    }
                },
                {
                    "type": "origins:target_action",
                    "action": {
                        "type": "origins:execute_command",
                        "command": "origin set @s origins:technique natural:techniqueless"
                    }
                }
            ]
        },
        "bientity_condition": {
            "type": "origins:target_condition",
            "condition": {
                "type": "origins:origin",
                "origin": "natural:soul_touch",
                "layer": "origins:technique"
            }
        },
        "action_result": "success",
        "priority": 0
    },
    "string_manipulation": {
        "condition": {
            "type": "origins:power_active",
            "power": "natural:transference/theft_toggle"
        },
        "type": "origins:action_on_entity_use",
        "bientity_action": {
            "type": "origins:and",
            "actions": [
                {
                    "type": "origins:actor_action",
                    "action": {
                        "type": "origins:execute_command",
                        "command": "origin set @s origins:technique natural:transference/string_manipulation"
                    }
                },
                {
                    "type": "origins:target_action",
                    "action": {
                        "type": "origins:execute_command",
                        "command": "origin set @s origins:technique natural:techniqueless"
                    }
                }
            ]
        },
        "bientity_condition": {
            "type": "origins:target_condition",
            "condition": {
                "type": "origins:origin",
                "origin": "natural:string_manipulation",
                "layer": "origins:technique"
            }
        },
        "action_result": "success",
        "priority": 0
    },
    "target": {
        "condition": {
            "type": "origins:power_active",
            "power": "natural:transference/theft_toggle"
        },
        "type": "origins:action_on_entity_use",
        "bientity_action": {
            "type": "origins:and",
            "actions": [
                {
                    "type": "origins:actor_action",
                    "action": {
                        "type": "origins:execute_command",
                        "command": "origin set @s origins:technique natural:transference/target"
                    }
                },
                {
                    "type": "origins:target_action",
                    "action": {
                        "type": "origins:execute_command",
                        "command": "origin set @s origins:technique natural:techniqueless"
                    }
                }
            ]
        },
        "bientity_condition": {
            "type": "origins:target_condition",
            "condition": {
                "type": "origins:origin",
                "origin": "natural:target",
                "layer": "origins:technique"
            }
        },
        "action_result": "success",
        "priority": 0
    },
    "vocal_manipulation": {
        "condition": {
            "type": "origins:power_active",
            "power": "natural:transference/theft_toggle"
        },
        "type": "origins:action_on_entity_use",
        "bientity_action": {
            "type": "origins:and",
            "actions": [
                {
                    "type": "origins:actor_action",
                    "action": {
                        "type": "origins:execute_command",
                        "command": "origin set @s origins:technique natural:transference/vocal_manipulation"
                    }
                },
                {
                    "type": "origins:target_action",
                    "action": {
                        "type": "origins:execute_command",
                        "command": "origin set @s origins:technique natural:techniqueless"
                    }
                }
            ]
        },
        "bientity_condition": {
            "type": "origins:target_condition",
            "condition": {
                "type": "origins:origin",
                "origin": "natural:vocal_manipulation",
                "layer": "origins:technique"
            }
        },
        "action_result": "success",
        "priority": 0
    }
}