{
    "name": "Divine Theft",
    "description": "When your denary is activated, you can steal the techniques of others when you right-click them. You are also able to consume the orbs made by users of Mimicry.",
    "badges": [
        {
            "type": "origins:tooltip",
            "text": "Your currently stolen technique will be replaced by another when you steal another technique.",
            "sprite": "origins:textures/gui/badge/star.png"
        }
    ],
    "type": "origins:toggle",
    "active_by_default": false,
    "key": {
        "key": "key.origins.denary_active"
    },
    "retain_state": true
}