{
    "hidden": true,
    "type": "origins:active_self",
    "entity_action": {
        "type": "origins:and",
        "actions": [
            {
                "type": "origins:execute_command",
                "command": "clear @s natural:blood_dagger"
            },
            {
                "type": "origins:execute_command",
                "command": "clear @s natural:crimson_hammer"
            }
        ]
    },
    "cooldown": 1,
    "hud_render": {
        "should_render": false
    },
    "key": {
        "key": "key.origins.secondary_active"
    }
}