{
    "name": "Blood Tool",
    "description": "By using your primary, give yourself a blade made of your own blood. By sneaking and using your primary, instead give yourself a blood hammer. Press your secondary to remove either tool.",
    "type": "origins:multiple",
    "blood_blade": {
        "condition": {
            "type": "origins:and",
            "conditions": [
                {
                    "inverted": true,
                    "type": "origins:in_rain"
                },
                {
                    "inverted": true,
                    "type": "origins:sneaking"
                }
            ]
        },
        "type": "origins:active_self",
        "entity_action": {
            "type": "origins:execute_command",
            "command": "give @s natural:blood_dagger"
        },
        "cooldown": 200,
        "hud_render": {
            "should_render": true,
            "sprite_location": "origins:textures/gui/community/spiderkolo/resource_bar_02.png",
            "bar_index": 14
        },
        "key": {
            "key": "key.origins.primary_active"
        }
    },
    "crimson_hammer": {
        "condition": {
            "type": "origins:and",
            "conditions": [
                {
                    "inverted": true,
                    "type": "origins:in_rain"
                },
                {
                    "type": "origins:sneaking"
                }
            ]
        },
        "type": "origins:active_self",
        "entity_action": {
            "type": "origins:execute_command",
            "command": "give @s natural:crimson_hammer"
        },
        "cooldown": 200,
        "hud_render": {
            "should_render": true,
            "sprite_location": "origins:textures/gui/community/spiderkolo/resource_bar_02.png",
            "bar_index": 14
        },
        "key": {
            "key": "key.origins.primary_active"
        }
    }
}