{
    "hidden": true,
    "condition": {
        "type": "origins:and",
        "conditions": [
            {
                "inverted": true,
                "type": "origins:power_active",
                "power": "natural:blood_manipulation/ocular_toggle"
            },
            {
                "inverted": true,
                "type": "origins:power_active",
                "power": "natural:blood_manipulation/defense_toggle"
            }
        ]
    },
    "type": "origins:action_over_time",
    "interval": 10,
    "entity_action": {
        "type": "origins:change_resource",
        "resource": "natural:blood_manipulation/blood_meter",
        "change": 1,
        "operation": "add"
    }
}