{
    "name": "Red Scale: Defensive",
    "description": "While your quaternary is activated, your blood hardens to an incredible point, giving you resistance. While Red Scale is activated, your blood meter will slowly go down.",
    "badges": [
        {
            "type": "origins:tooltip",
            "text": "You can not activate Defensive at the same time as Ocular.",
            "sprite": "origins:textures/gui/badge/star.png"
        }
    ],
    "condition": {
        "type": "origins:and",
        "conditions": [
            {
                "inverted": true,
                "type": "origins:power_active",
                "power": "natural:blood_manipulation/ocular_toggle"
            },
            {
                "type": "origins:resource",
                "resource": "natural:blood_manipulation/blood_meter",
                "comparison": ">",
                "compare_to": 0
            }
        ]
    },
    "type": "origins:toggle",
    "active_by_default": false,
    "key": {
        "key": "key.origins.quaternary_active"
    },
    "retain_state": true
}