{
    "name": "Red Scale: Ocular",
    "description": "While your quinary is activated, you can see moving entities through walls with your enhanced eye muscles. While Red Scale is activated, your blood meter will slowly go down.",
    "badges": [
        {
            "type": "origins:tooltip",
            "text": "You can not activate Ocular at the same time as Defensive.",
            "sprite": "origins:textures/gui/badge/star.png"
        }
    ],
    "condition": {
        "type": "origins:and",
        "conditions": [
            {
                "inverted": true,
                "type": "origins:power_active",
                "power": "natural:blood_manipulation/defense_toggle"
            },
            {
                "type": "origins:resource",
                "resource": "natural:blood_manipulation/blood_meter",
                "comparison": ">",
                "compare_to": 0
            }
        ]
    },
    "type": "origins:toggle",
    "active_by_default": false,
    "key": {
        "key": "key.origins.quinary_active"
    },
    "retain_state": true
}