{
    "hidden": true,
    "condition": {
        "type": "origins:power_active",
        "power": "natural:blood_manipulation/defense_toggle"
    },
    "type": "origins:action_over_time",
    "interval": 20,
    "entity_action": {
        "type": "origins:and",
        "actions": [
            {
                "type": "origins:apply_effect",
                "effect": {
                    "effect": "resistance",
                    "duration": 21,
                    "amplifier": 2,
                    "show_particles": false,
                    "show_icon": false
                }
            },
            {
                "type": "origins:change_resource",
                "resource": "natural:blood_manipulation/blood_meter",
                "change": -5,
                "operation": "add"
            }
        ]
    }
}