{
    "name": "Stabbing Tendril",
    "description": "By using your ternary, you shoot out a bloody tendril that pulls entities towards you.",
    "type": "origins:active_self",
    "entity_action": {
        "type": "origins:raycast",
        "distance": 15,
        "block": true,
        "entity": true,
        "shape_type": "outline",
        "fluid_handling": "any",
        "bientity_action": {
            "type": "origins:and",
            "actions": [
                {
                    "type": "origins:target_action",
                    "action": {
                        "type": "origins:damage",
                        "amount": 4,
                        "source": {
                            "name": "cramming",
                            "unblockable": true
                        }
                    }
                },
                {
                    "type": "origins:add_velocity",
                    "y": 0.5,
                    "z": -1,
                    "client": true,
                    "server": true,
                    "set": true
                }
            ]
        },
        "before_action": {
            "type": "origins:play_sound",
            "sound": "minecraft:entity.frog.tongue",
            "volume": 1,
            "pitch": 2
        },
        "command_at_hit": "particle minecraft:dust 1.0 0.0 0.0 1.0",
        "command_along_ray": "particle minecraft:dust 1.0 0.0 0.0 1.0",
        "command_step": 0.1,
        "command_at_hit_": "particle minecraft:dust 1.0 0.0 0.0 1.0",
        "command_along_ray__": "minecraft:dust 1.0 0.0 0.0 1.0"
    },
    "cooldown": 150,
    "hud_render": {
        "should_render": true,
        "sprite_location": "origins:textures/gui/community/spiderkolo/resource_bar_02.png",
        "bar_index": 1
    },
    "key": {
        "key": "key.origins.ternary_active"
    }
}