{
    "name": "Explosion",
    "description": "By using your primary, shoot a firey laser that creates an explosion where it lands. This will use some of your rage bar.",
    "condition": {
        "type": "origins:resource",
        "resource": "natural:concentrated_rage/rage_bar",
        "comparison": ">",
        "compare_to": 0
    },
    "type": "origins:active_self",
    "entity_action": {
        "type": "origins:raycast",
        "distance": 50,
        "block": true,
        "entity": true,
        "shape_type": "visual",
        "fluid_handling": "none",
        "before_action": {
            "type": "origins:change_resource",
            "resource": "natural:concentrated_rage/rage_bar",
            "change": -50,
            "operation": "add"
        },
        "space": "world",
        "command_at_hit": "summon tnt",
        "command_along_ray": "particle flame"
    },
    "cooldown": 100,
    "hud_render": {
        "should_render": true,
        "sprite_location": "origins:textures/gui/community/spiderkolo/resource_bar_01.png",
        "bar_index": 0
    },
    "key": {
        "key": "key.origins.primary_active"
    }
}