{
    "name": "Shadow Tools",
    "description": "By using your primary without sneaking, give yourself a bat made out of shadows. By using your primary with sneaking, give youself a sword made of shadows. Both are removed from the inventory with your secondary.",
    "type": "origins:multiple",
    "black_bat": {
        "condition": {
            "inverted": true,
            "type": "origins:sneaking"
        },
        "type": "origins:active_self",
        "entity_action": {
            "type": "origins:and",
            "actions": [
                {
                    "type": "origins:spawn_particles",
                    "particle": "squid_ink",
                    "count": 25,
                    "speed": 0.1,
                    "offset_x": 0,
                    "offset_y": 0.5,
                    "offset_z": 0
                },
                {
                    "type": "origins:execute_command",
                    "command": "give @s natural:black_hammer"
                }
            ]
        },
        "cooldown": 250,
        "hud_render": {
            "should_render": true,
            "sprite_location": "origins:textures/gui/community/spiderkolo/resource_bar_01.png",
            "bar_index": 24
        },
        "key": {
            "key": "key.origins.primary_active"
        }
    },
    "jet_black_blade": {
        "condition": {
            "type": "origins:sneaking"
        },
        "type": "origins:active_self",
        "entity_action": {
            "type": "origins:and",
            "actions": [
                {
                    "type": "origins:spawn_particles",
                    "particle": "squid_ink",
                    "count": 25,
                    "speed": 0.1,
                    "offset_x": 0,
                    "offset_y": 0.5,
                    "offset_z": 0
                },
                {
                    "type": "origins:execute_command",
                    "command": "give @s natural:jet_black_sword"
                }
            ]
        },
        "cooldown": 250,
        "hud_render": {
            "should_render": true,
            "sprite_location": "origins:textures/gui/community/spiderkolo/resource_bar_01.png",
            "bar_index": 24
        },
        "key": {
            "key": "key.origins.primary_active"
        }
    }
}