{
    "description": "By using your secondary, if you currently have Black Bat, you can remove it.",
    "hidden": true,
    "type": "origins:active_self",
    "entity_action": {
        "type": "origins:and",
        "actions": [
            {
                "type": "origins:execute_command",
                "command": "clear @s natural:black_hammer"
            },
            {
                "type": "origins:execute_command",
                "command": "clear @s natural:jet_black_sword"
            },
            {
                "type": "origins:spawn_particles",
                "particle": "end_rod",
                "count": 25,
                "speed": 0.1,
                "offset_x": 0,
                "offset_y": 0.5,
                "offset_z": 0,
                "bientity_condition": {
                    "type": "origins:target_condition",
                    "condition": {
                        "type": "origins:origin",
                        "origin": "natural:techniqueless",
                        "layer": "origins:technique"
                    }
                }
            }
        ]
    },
    "cooldown": 100,
    "hud_render": {
        "should_render": true
    },
    "key": {
        "key": "key.origins.secondary_active"
    }
}