{
    "hidden": true,
    "condition": {
        "type": "origins:power_active",
        "power": "natural:shadow_manipulation/domain_toggle"
    },
    "type": "origins:action_over_time",
    "interval": 20,
    "entity_action": {
        "type": "origins:and",
        "actions": [
            {
                "type": "origins:area_of_effect",
                "radius": 16,
                "bientity_action": {
                    "type": "origins:target_action",
                    "action": {
                        "type": "origins:apply_effect",
                        "effect": {
                            "effect": "slowness",
                            "duration": 21,
                            "amplifier": 4,
                            "show_particles": false,
                            "show_icon": false
                        },
                        "effects": [
                            {
                                "effect": "jump_boost",
                                "duration": 21,
                                "amplifier": -2,
                                "show_particles": false,
                                "show_icon": false
                            }
                        ]
                    }
                }
            },
            {
                "type": "origins:spawn_particles",
                "particle": "squid_ink",
                "count": 200,
                "speed": 0.1,
                "spread": {
                    "x": 8,
                    "y": 0.1,
                    "z": 8
                },
                "offset_x": 0,
                "offset_y": 0.1,
                "offset_z": 0
            }
        ]
    }
}