{
    "hidden": true,
    "condition": {
        "inverted": true,
        "type": "origins:exposed_to_sun"
    },
    "type": "origins:active_self",
    "entity_action": {
        "type": "origins:spawn_particles",
        "particle": "squid_ink",
        "count": 30,
        "speed": 0.1,
        "offset_x": 0,
        "offset_y": 0.5,
        "offset_z": 0
    },
    "cooldown": 0,
    "hud_render": {
        "should_render": false
    },
    "key": {
        "key": "key.origins.quaternary_active"
    }
}