{
    "name": "Shadow Arrow",
    "description": "By using your ternary, you use your own shadow to create and shoot a black projectile that explodes.",
    "type": "origins:active_self",
    "entity_action": {
        "type": "origins:raycast",
        "distance": 15,
        "block": true,
        "entity": true,
        "shape_type": "outline",
        "fluid_handling": "any",
        "before_action": {
            "type": "origins:play_sound",
            "sound": "minecraft:entity.frog.tongue",
            "volume": 1,
            "pitch": 2
        },
        "command_at_hit": "summon tnt",
        "command_along_ray": "particle minecraft:dust 0.0 0.0 0.0 1.0",
        "command_step": 0.1
    },
    "cooldown": 200,
    "hud_render": {
        "should_render": true,
        "sprite_location": "origins:textures/gui/community/huang/resource_bar_02.png",
        "bar_index": 2
    },
    "key": {
        "key": "key.origins.ternary_active"
    }
}