{
    "name": "Deportion",
    "description": "By right-clicking someone with your primary activated, you send them to your simulation dimension. When in the simulation, however, it will send them back to the overworld.",
    "badges": [
        {
            "type": "origins:tooltip",
            "text": "Your hands must be empty in order to use the technique.",
            "sprite": "origins:textures/gui/badge/star.png"
        }
    ],
    "hidden": true,
    "type": "origins:multiple",
    "deportin": {
        "condition": {
            "type": "origins:and",
            "conditions": [
                {
                    "inverted": true,
                    "type": "origins:dimension",
                    "dimension": "natural:simulation"
                },
                {
                    "type": "origins:power_active",
                    "power": "natural:simulation/toggle"
                }
            ]
        },
        "type": "origins:action_on_entity_use",
        "bientity_action": {
            "type": "origins:target_action",
            "action": {
                "type": "origins:execute_command",
                "command": "execute at @s in natural:simulation run tp @s ~ ~ ~"
            }
        },
        "item_condition": {
            "type": "origins:empty"
        },
        "action_result": "success",
        "priority": 0
    },
    "deportout": {
        "condition": {
            "type": "origins:and",
            "conditions": [
                {
                    "type": "origins:dimension",
                    "dimension": "natural:simulation"
                },
                {
                    "type": "origins:power_active",
                    "power": "natural:simulation/toggle"
                }
            ]
        },
        "type": "origins:action_on_entity_use",
        "bientity_action": {
            "type": "origins:target_action",
            "action": {
                "type": "origins:execute_command",
                "command": "execute at @s in minecraft:overworld run tp @s ~ ~ ~"
            }
        },
        "item_condition": {
            "type": "origins:empty"
        },
        "action_result": "success",
        "priority": 0
    }
}