{
    "name": "Shift",
    "description": "By using your secondary, teleport yourself to your own simulation. When inside the simulation, this will teleport you out instead.",
    "type": "origins:multiple",
    "shiftin": {
        "condition": {
            "type": "origins:and",
            "conditions": [
                {
                    "type": "origins:dimension",
                    "dimension": "minecraft:overworld"
                },
                {
                    "type": "origins:dimension",
                    "dimension": "minecaft:the_nether"
                },
                {
                    "type": "origins:dimension",
                    "dimension": "minecraft:the_end"
                }
            ]
        },
        "type": "origins:active_self",
        "entity_action": {
            "type": "origins:execute_command",
            "command": "execute at @s in natural:simulation run tp @s ~ ~ ~"
        },
        "cooldown": 200,
        "hud_render": {
            "should_render": true,
            "sprite_location": "origins:textures/gui/community/spiderkolo/resource_bar_03.png",
            "bar_index": 7
        },
        "key": {
            "key": "key.origins.secondary_active"
        }
    },
    "shiftout": {
        "condition": {
            "type": "origins:dimension",
            "dimension": "natural:simulation"
        },
        "type": "origins:active_self",
        "entity_action": {
            "type": "origins:execute_command",
            "command": "execute at @s in minecraft:overworld run tp @s ~ ~ ~"
        },
        "cooldown": 200,
        "hud_render": {
            "should_render": true,
            "sprite_location": "origins:textures/gui/community/spiderkolo/resource_bar_03.png",
            "bar_index": 7,
            "icon_index": 1
        },
        "key": {
            "key": "key.origins.secondary_active"
        }
    }
}