{
    "name": "Deportion",
    "description": "By right-clicking someone with your primary activated, you send them to your simulation dimension. When in the simulation, however, it will send them back to the overworld.",
    "badges": [
        {
            "type": "origins:tooltip",
            "text": "Your hands must be empty in order to use your technique.",
            "sprite": "origins:textures/gui/badge/star.png"
        }
    ],
    "type": "origins:toggle",
    "active_by_default": false,
    "key": {
        "key": "key.origins.primary_active"
    },
    "retain_state": true
}