{
    "hidden": true,
    "condition": {
        "type": "origins:power_active",
        "power": "natural:shatter/toggle"
    },
    "type": "origins:action_on_block_use",
    "block_condition": {
        "inverted": true,
        "type": "origins:block",
        "block": "bedrock"
    },
    "item_condition": {
        "type": "origins:empty"
    },
    "block_action": {
        "type": "origins:and",
        "actions": [
            {
                "type": "origins:execute_command",
                "command": "function natural:grid"
            },
            {
                "type": "origins:area_of_effect",
                "radius": 1,
                "shape": "star",
                "block_condition": {
                    "inverted": true,
                    "type": "origins:block",
                    "block": "bedrock"
                },
                "block_action": {
                    "type": "origins:set_block",
                    "block": "air"
                }
            }
        ]
    },
    "action_result": "success"
}