{
    "name": "Slicing Touch",
    "description": "When your primary is activated, you can right click to cut someone and do damage. You can also cut blocks by right-clicking them.",
    "badges": [
        {
            "type": "origins:tooltip",
            "text": "Your hands must be empty in order to use your technique.",
            "sprite": "origins:textures/gui/badge/star.png"
        }
    ],
    "hidden": true,
    "condition": {
        "type": "origins:and",
        "conditions": [
            {
                "type": "origins:power_active",
                "power": "natural:shatter/toggle"
            }
        ]
    },
    "type": "origins:action_on_entity_use",
    "bientity_action": {
        "type": "origins:target_action",
        "action": {
            "type": "origins:and",
            "actions": [
                {
                    "type": "origins:execute_command",
                    "command": "function natural:grid"
                },
                {
                    "type": "origins:damage",
                    "amount": 8,
                    "source": {
                        "name": "magic",
                        "bypasses_armor": true,
                        "magic": true
                    }
                }
            ]
        }
    },
    "item_condition": {
        "type": "origins:empty"
    },
    "action_result": "success",
    "priority": 0
}