{
    "name": "Slicing Touch",
    "description": "When your primary is activated, you can right click to cut someone and do damage. You can also cut blocks by right-clicking them.",
    "badges": [
        {
            "type": "origins:tooltip",
            "text": "Your hands must be empty to use your technique.",
            "sprite": "origins:textures/gui/badge/star.png"
        }
    ],
    "type": "origins:toggle",
    "active_by_default": false,
    "key": {
        "key": "key.origins.primary_active"
    },
    "retain_state": true
}