{
    "name": "Transference",
    "description": "An imperfect neutral technique that allows you to steal the techniques of others. Your current stolen technique is Blood Manipulation.",
    "powers": [
        "natural:transference/theft_toggle",
        "natural:transference/orb_consume",
        "natural:transference/theft",
        "natural:transference/theft_particle",
        "natural:blood_manipulation/blood_tool",
        "natural:blood_manipulation/blood_tool_remove",
        "natural:blood_manipulation/stabbing_tendril",
        "natural:blood_manipulation/blood_meter",
        "natural:blood_manipulation/blood_meter_refill",
        "natural:blood_manipulation/red_blood",
        "natural:blood_manipulation/defense_toggle",
        "natural:blood_manipulation/red_scale_defensive",
        "natural:blood_manipulation/red_skin",
        "natural:blood_manipulation/ocular_toggle",
        "natural:blood_manipulation/red_scale_ocular",
        "natural:blood_manipulation/ocular_particles",
        "natural:blood_manipulation/ocular_blood_loss"
    ],
    "icon": {
        "item": "minecraft:wither_skeleton_skull"
    },
    "unchoosable": true,
    "impact": 3
}