{
    "name": "Transference",
    "description": "An imperfect neutral technique that allows you to steal the techniques of others. Your current stolen technique is Concentrated Rage.",
    "powers": [
        "natural:transference/theft_toggle",
        "natural:transference/orb_consume",
        "natural:transference/theft",
        "natural:transference/theft_particle",
        "natural:concentrated_rage/rage_bar_fill",
        "natural:concentrated_rage/explosion",
        "natural:concentrated_rage/thunder",
        "natural:concentrated_rage/rage_bar"
    ],
    "icon": {
        "item": "minecraft:ender_pearl"
    },
    "unchoosable": true,
    "impact": 2
}