{
    "name": "Transference",
    "description": "An imperfect neutral technique that allows you to steal the techniques of others. Your current stolen technique is Permeation.",
    "powers": [
        "natural:transference/theft_toggle",
        "natural:transference/orb_consume",
        "natural:transference/theft",
        "natural:transference/theft_particle",
        "natural:permeation/phase",
        "natural:permeation/invincible",
        "natural:permeation/toggle",
        "natural:permeation/phase_bar",
        "natural:permeation/phase_bar_lose",
        "natural:permeation/phase_bar_regain"
    ],
    "icon": {
        "item": "minecraft:ender_pearl"
    },
    "unchoosable": true,
    "impact": 2
}