{
    "name": "Transference",
    "description": "An imperfect neutral technique that allows you to steal the techniques of others. Your current stolen technique is Self Detonation.",
    "powers": [
        "natural:transference/theft_toggle",
        "natural:transference/orb_consume",
        "natural:transference/theft",
        "natural:transference/theft_particle",
        "natural:self_detonation/small_blast",
        "natural:self_detonation/huge_blast"
    ],
    "icon": {
        "item": "minecraft:ender_pearl"
    },
    "unchoosable": true,
    "impact": 2
}