{
    "name": "Transference",
    "description": "An imperfect neutral technique that allows you to steal the techniques of others. Your current stolen technique is Shadow Manipulation.",
    "powers": [
        "natural:transference/theft_toggle",
        "natural:transference/orb_consume",
        "natural:transference/theft",
        "natural:transference/theft_particle",
        "natural:shadow_manipulation/black_bat",
        "natural:shadow_manipulation/black_bat_remove",
        "natural:shadow_manipulation/shadow_arrow",
        "natural:shadow_manipulation/shadow_pocket",
        "natural:shadow_manipulation/shadow_particles",
        "natural:shadow_manipulation/domain_bar_refill",
        "natural:shadow_manipulation/domain",
        "natural:shadow_manipulation/domain_toggle",
        "natural:shadow_manipulation/domain_bar"
    ],
    "icon": {
        "item": "minecraft:ender_pearl"
    },
    "unchoosable": true,
    "impact": 2
}