{
    "name": "Transference",
    "description": "An imperfect neutral technique that allows you to steal the techniques of others. Your current stolen technique is Shatter.",
    "powers": [
        "natural:transference/theft_toggle",
        "natural:transference/orb_consume",
        "natural:transference/theft",
        "natural:transference/theft_particle",
        "natural:shatter/toggle",
        "natural:shatter/block_cut",
        "natural:shatter/slice_touch",
        "natural:shatter/particles"
    ],
    "icon": {
        "item": "minecraft:ender_pearl"
    },
    "unchoosable": true,
    "impact": 2
}