{
    "name": "Transference",
    "description": "An imperfect neutral technique that allows you to steal the techniques of others. Your current stolen technique is Simulation.",
    "powers": [
        "natural:transference/theft_toggle",
        "natural:transference/orb_consume",
        "natural:transference/theft",
        "natural:transference/theft_particle",
        "natural:simulation/deport",
        "natural:simulation/toggle",
        "natural:simulation/particle",
        "natural:simulation/shift"
    ],
    "icon": {
        "item": "minecraft:ender_pearl"
    },
    "unchoosable": true,
    "impact": 2
}