{
    "name": "Transference",
    "description": "An imperfect neutral technique that allows you to steal the techniques of others. Your current stolen technique is Soul Touch.",
    "powers": [
        "natural:transference/theft_toggle",
        "natural:transference/orb_consume",
        "natural:transference/theft",
        "natural:transference/theft_particle",
        "natural:soul_touch/toggle",
        "natural:soul_touch/more_damage",
        "natural:soul_touch/wither",
        "natural:soul_touch/sobel",
        "natural:soul_touch/particle"
    ],
    "icon": {
        "item": "minecraft:ender_pearl"
    },
    "unchoosable": true,
    "impact": 2
}