{
    "name": "Transference",
    "description": "An imperfect neutral technique that allows you to steal the techniques of others. Your current stolen technique is Target.",
    "powers": [
        "natural:transference/theft_toggle",
        "natural:transference/orb_consume",
        "natural:transference/theft",
        "natural:transference/theft_particle",
        "natural:target/forced_critical",
        "natural:target/particle",
        "natural:target/random_critical",
        "natural:target/wither",
        "natural:target/toggle"
    ],
    "icon": {
        "item": "minecraft:ender_pearl"
    },
    "unchoosable": true,
    "impact": 2
}