{
    "name": "Transference",
    "description": "An imperfect neutral technique that allows you to steal the techniques of others. Your current stolen technique is Vocal Manipulation.",
    "powers": [
        "natural:transference/theft_toggle",
        "natural:transference/orb_consume",
        "natural:transference/theft",
        "natural:transference/theft_particle",
        "natural:vocal_manipulation/dont_move",
        "natural:vocal_manipulation/sleep",
        "natural:vocal_manipulation/blast_away",
        "natural:vocal_manipulation/explode",
        "natural:vocal_manipulation/die"
    ],
    "icon": {
        "item": "minecraft:ender_pearl"
    },
    "unchoosable": true,
    "impact": 2
}