{
    "name": "Blinding Sparks",
    "description": "When you hit someone, you have a 7% chance to deal more damage, and release a flash of white sparks.",
    "badges": [
        {
            "type": "origins:tooltip",
            "text": "If you have no technique, you are unable to use the sparks.",
            "sprite": "origins:textures/gui/badge/star.png"
        }
    ],
    "condition": {
        "inverted": true,
        "type": "origins:origin",
        "origin": "natural:techniqueless",
        "layer": "origins:technique"
    },
    "type": "origins:action_on_hit",
    "bientity_action": {
        "type": "origins:chance",
        "chance": 0.07,
        "action": {
            "type": "origins:and",
            "actions": [
                {
                    "type": "origins:target_action",
                    "action": {
                        "type": "origins:damage",
                        "amount": 8,
                        "source": {
                            "name": "generic.player",
                            "unblockable": true,
                            "magic": true
                        }
                    }
                },
                {
                    "type": "origins:actor_action",
                    "action": {
                        "type": "origins:spawn_particles",
                        "particle": "wax_off",
                        "count": 25,
                        "speed": 0.2,
                        "offset_x": 0,
                        "offset_y": 0.5,
                        "offset_z": 0,
                        "bientity_condition": {
                            "type": "origins:target_condition",
                            "condition": {
                                "type": "origins:origin",
                                "origin": "natural:techniqueless",
                                "layer": "origins:technique"
                            }
                        }
                    }
                }
            ]
        },
        "fail_action": {
            "type": "origins:nothing"
        }
    },
    "cooldown": 0,
    "hud_render": {
        "should_render": false
    }
}