{
    "name": "Electric Sparks",
    "description": "Because of your electric energy, you make lightning strike whenever you land the Blinding Sparks.",
    "badges": [
        {
            "type": "origins:tooltip",
            "text": "The Blinding Sparks have a 7% chance to hit!",
            "sprite": "origins:textures/gui/badge/star.png"
        },
        {
            "type": "origins:keybind",
            "text": "If you have no technique, you are unable to use the sparks.",
            "sprite": "origins:textures/gui/badge/star.png"
        }
    ],
    "condition": {
        "inverted": true,
        "type": "origins:origin",
        "origin": "natural:techniqueless",
        "layer": "origins:technique"
    },
    "type": "origins:action_on_hit",
    "bientity_action": {
        "type": "origins:chance",
        "chance": 0.07,
        "action": {
            "type": "origins:target_action",
            "action": {
                "type": "origins:execute_command",
                "command": "summon lightning_bolt"
            }
        },
        "fail_action": {
            "type": "origins:nothing"
        }
    },
    "cooldown": 0,
    "hud_render": {
        "should_render": false
    }
}