{
    "name": "Lightning Rod",
    "description": "Because of your electricity-like energy, you naturally attract lightning.",
    "badges": [
        {
            "type": "origins:tooltip",
            "text": "If you have no technique, lightning will not be attracted to you.",
            "sprite": "origins:textures/gui/badge/star.png"
        }
    ],
    "condition": {
        "inverted": true,
        "type": "origins:origin",
        "origin": "natural:techniqueless",
        "layer": "origins:technique"
    },
    "type": "apugli:redirect_lightning",
    "chance": 0.7
}