{
    "name": "Rough Sparks",
    "description": "Because of your rough energy, landing the Blinding Sparks causes the person you hit to bleed for a few seconds.",
    "badges": [
        {
            "type": "origins:tooltip",
            "text": "The Blinding Sparks have a 7% chance to hit!",
            "sprite": "origins:textures/gui/badge/star.png"
        },
        {
            "type": "origins:tooltip",
            "text": "If you have no technique, you are unable to use the sparks.",
            "sprite": "origins:textures/gui/badge/star.png"
        }
    ],
    "condition": {
        "inverted": true,
        "type": "origins:origin",
        "origin": "natural:techniqueless",
        "layer": "origins:technique"
    },
    "type": "origins:action_on_hit",
    "bientity_action": {
        "type": "origins:chance",
        "chance": 0.07,
        "action": {
            "type": "origins:and",
            "actions": [
                {
                    "type": "origins:target_action",
                    "action": {
                        "type": "origins:apply_effect",
                        "effect": {
                            "effect": "poison",
                            "duration": 100,
                            "amplifier": 0,
                            "show_particles": false,
                            "show_icon": false
                        }
                    }
                },
                {
                    "type": "origins:actor_action",
                    "action": {
                        "type": "origins:spawn_particles",
                        "particle": "totem_of_undying",
                        "count": 25,
                        "speed": 0.2,
                        "offset_x": 0,
                        "offset_y": 0.5,
                        "offset_z": 0,
                        "bientity_condition": {
                            "type": "origins:target_condition",
                            "condition": {
                                "type": "origins:origin",
                                "origin": "natural:techniqueless",
                                "layer": "origins:technique"
                            }
                        }
                    }
                }
            ]
        },
        "fail_action": {
            "type": "origins:nothing"
        }
    },
    "cooldown": 0,
    "hud_render": {
        "should_render": false
    }
}