{
    "name": "Blood Manipulation",
    "description": "A positive technique that allows you to manipulate your own blood.",
    "powers": [
        "natural:blood_manipulation/blood_tool",
        "natural:blood_manipulation/blood_tool_remove",
        "natural:blood_manipulation/stabbing_tendril",
        "natural:blood_manipulation/blood_meter",
        "natural:blood_manipulation/blood_meter_refill",
        "natural:blood_manipulation/red_blood",
        "natural:blood_manipulation/defense_toggle",
        "natural:blood_manipulation/red_scale_defensive",
        "natural:blood_manipulation/red_skin",
        "natural:blood_manipulation/ocular_toggle",
        "natural:blood_manipulation/red_scale_ocular",
        "natural:blood_manipulation/ocular_particles",
        "natural:blood_manipulation/ocular_blood_loss"
    ],
    "icon": {
        "item": "minecraft:red_concrete"
    },
    "unchoosable": true,
    "impact": 3
}