{
    "name": "Heavenly Restriction",
    "description": "You were born not just without a technique, but completely without the ability to ever utilize life energy.",
    "powers": [
        "natural:heavenly_restriction/flash_step",
        "natural:heavenly_restriction/heavenly_strength",
        "natural:heavenly_restriction/heavenly_detection",
        "natural:heavenly_restriction/poison_immune",
        "natural:heavenly_restriction/night_vision"
    ],
    "icon": {
        "item": "minecraft:nether_star"
    },
    "unchoosable": true,
    "impact": 3
}