{
    "name": "Invisibility",
    "description": "A positive technique that covers your body in a thin film of energy. That film of energy allows you to make yourself invisible.",
    "powers": [
        "natural:invisibility/invisible",
        "natural:invisibility/invisible_bar_refill",
        "natural:invisibility/invisible_bar",
        "natural:invisibility/invisible_toggle",
        "natural:invisibility/bar_lower"
    ],
    "icon": {
        "item": "minecraft:glass"
    },
    "unchoosable": true,
    "impact": 2
}