{
    "name": "Shadow Manipulation",
    "description": "A positive technique that allows you to manipulate shadows into objects and sentient beings.",
    "powers": [
        "natural:shadow_manipulation/black_bat",
        "natural:shadow_manipulation/black_bat_remove",
        "natural:shadow_manipulation/shadow_arrow",
        "natural:shadow_manipulation/shadow_pocket",
        "natural:shadow_manipulation/shadow_particles",
        "natural:shadow_manipulation/domain_bar_refill",
        "natural:shadow_manipulation/domain",
        "natural:shadow_manipulation/domain_toggle",
        "natural:shadow_manipulation/domain_bar"
    ],
    "icon": {
        "item": "minecraft:black_concrete"
    },
    "unchoosable": true,
    "impact": 2
}