{
    "name": "Vocal Manipulation",
    "description": "A positive technique that allows the user to manipulate others' actions with their words.",
    "powers": [
        "natural:vocal_manipulation/dont_move",
        "natural:vocal_manipulation/sleep",
        "natural:vocal_manipulation/blast_away",
        "natural:vocal_manipulation/explode",
        "natural:vocal_manipulation/die"
    ],
    "icon": {
        "item": "minecraft:note_block"
    },
    "unchoosable": true,
    "impact": 2
}