{
    "hidden": true,
    "condition": {
        "type": "origins:power_active",
        "power": "natural:soul_touch/toggle"
    },
    "type": "origins:particle",
    "particle": "witch",
    "frequency": 10,
    "count": 7,
    "speed": 0,
    "offset_x": 0.5,
    "offset_y": 0.5,
    "offset_z": 0,
    "visible_in_first_person": true,
    "bientity_condition": {
        "type": "origins:target_condition",
        "condition": {
            "inverted": true,
            "type": "origins:and",
            "conditions": [
                {
                    "type": "origins:origin",
                    "origin": "natural:techniqueless",
                    "layer": "origins:technique"
                },
                {
                    "type": "origins:origin",
                    "origin": "natural:heavenly_restriction",
                    "layer": "origins:technique"
                }
            ]
        }
    }
}