{
    "hidden": true,
    "condition": {
        "type": "origins:and",
        "conditions": [
            {
                "type": "origins:power_active",
                "power": "natural:permeation/toggle"
            },
            {
                "type": "origins:resource",
                "resource": "natural:permeation/phase_bar",
                "comparison": ">",
                "compare_to": 0
            }
        ]
    },
    "type": "origins:phasing",
    "block_condition": {
        "type": "origins:block",
        "block": "minecraft:bedrock"
    },
    "blacklist": true,
    "render_type": "blindness",
    "view_distance": 0
}