{
    "name": "Huge Blast ",
    "description": "By using your secondary, unleash a powerful blast that will likely kill you and others around you.",
    "type": "origins:active_self",
    "entity_action": {
        "type": "origins:explode",
        "power": 25,
        "destruction_type": "break",
        "damage_self": true,
        "indestructible": {
            "type": "origins:block",
            "block": "minecraft:bedrock"
        }
    },
    "cooldown": 6000,
    "hud_render": {
        "should_render": true,
        "sprite_location": "origins:textures/gui/community/spiderkolo/resource_bar_01.png",
        "bar_index": 23
    },
    "key": {
        "key": "key.origins.secondary_active"
    }
}