{
    "name": "Small Blast",
    "description": "By using your primary, unleash a small blast that doesn't damage you.",
    "type": "origins:active_self",
    "entity_action": {
        "type": "origins:explode",
        "power": 3,
        "destruction_type": "break",
        "damage_self": false,
        "indestructible": {
            "type": "origins:block",
            "block": "minecraft:bedrock"
        }
    },
    "cooldown": 1800,
    "hud_render": {
        "should_render": true,
        "sprite_location": "origins:textures/gui/community/spiderkolo/resource_bar_01.png",
        "bar_index": 10
    },
    "key": {
        "key": "key.origins.primary_active"
    }
}