{
    "hidden": true,
    "type": "origins:action_on_death",
    "bientity_action": {
        "type": "origins:target_action",
        "action": {
            "type": "origins:chance",
            "chance": 0.7,
            "action": {
                "type": "origins:and",
                "actions": [
                    {
                        "type": "origins:execute_command",
                        "command": "origin set @s origins:life natural:life/ghost"
                    },
                    {
                        "type": "origins:execute_command",
                        "command": "gamemode adventure @s"
                    }
                ]
            },
            "fail_action": {
                "type": "origins:execute_command",
                "command": "origin set @s origins:life natural:life/cursed_spirit"
            }
        }
    }
}