{
    "hidden": true,
    "type": "origins:action_on_entity_use",
    "bientity_action": {
        "type": "origins:target_action",
        "action": {
            "type": "origins:and",
            "actions": [
                {
                    "type": "origins:execute_command",
                    "command": "origin set @s origins:life natural:life/life_1"
                },
                {
                    "type": "origins:execute_command",
                    "command": "gamemode survival @s"
                }
            ]
        }
    },
    "bientity_condition": {
        "type": "origins:target_condition",
        "condition": {
            "type": "origins:origin",
            "origin": "natural:life/ghost",
            "layer": "origins:life"
        }
    },
    "item_condition": {
        "type": "origins:ingredient",
        "ingredient": {
            "item": "natural:seance_book"
        }
    },
    "action_result": "success",
    "priority": 0
}