{
    "hidden": true,
    "type": "origins:action_on_death",
    "bientity_action": {
        "type": "origins:actor_action",
        "action": {
            "type": "origins:execute_command",
            "command": "give @s natural:seance_book"
        }
    },
    "bientity_condition": {
        "type": "origins:target_condition",
        "condition": {
            "type": "origins:and",
            "conditions": [
                {
                    "type": "origins:origin",
                    "origin": "natural:seance",
                    "layer": "origins:technique"
                },
                {
                    "type": "origins:origin",
                    "origin": "natural:lives/life_5",
                    "layer": "origins:life"
                }
            ]
        }
    }
}