{
    "name": "Cursed Spirit",
    "description": "You did not become a ghost, capable of being revived. Now, you are a cursed spirit.",
    "powers": [
        "natural:cursed_spirit/invisible",
        "natural:cursed_spirit/cursed_death",
        "natural:cursed_spirit/more_health",
        "natural:cursed_spirit/healing_kill",
        "natural:lives/seance_drop",
        "natural:lives/seance_use"
    ],
    "icon": {
        "item": "minecraft:wither_skeleton_skull"
    },
    "impact": 3
}