{
    "name": "Ghost",
    "description": "You are completely dead, and unable to interact with the world in any way. You'll find a way to get back to life eventually. ",
    "powers": [
        "natural:lives/flight",
        "natural:lives/translucent",
        "natural:lives/invincible",
        "natural:lives/permeable",
        "natural:lives/mobs_ignore",
        "natural:lives/no_damage"
    ],
    "icon": {
        "item": "minecraft:white_stained_glass"
    },
    "unchoosable": true,
    "impact": 3
}