{
    "name": "Mimicry",
    "description": "A perfect neutral technique that allows you to copy the techniques of others. Your current copied technique is Shadow Manipulation.",
    "powers": [
        "natural:shadow_manipulation/black_bat",
        "natural:shadow_manipulation/black_bat_remove",
        "natural:shadow_manipulation/shadow_arrow",
        "natural:shadow_manipulation/shadow_pocket",
        "natural:shadow_manipulation/shadow_particles",
        "natural:shadow_manipulation/domain_bar_refill",
        "natural:shadow_manipulation/domain",
        "natural:shadow_manipulation/domain_toggle",
        "natural:shadow_manipulation/domain_bar",
        "natural:mimicry/copy",
        "natural:mimicry/copy_particle",
        "natural:mimicry/copy_toggle",
        "natural:mimicry/orb_consume"
    ],
    "icon": {
        "item": "minecraft:writable_book"
    },
    "unchoosable": true,
    "impact": 3
}