{
    "name": "Mimicry",
    "description": "A perfect neutral technique that allows you to copy the techniques of others. Your current copied technique is Clap and Flash.",
    "powers": [
        "natural:clap_and_flash/swapping_clap",
        "natural:clap_and_flash/teleport_clap",
        "natural:mimicry/copy",
        "natural:mimicry/copy_particle",
        "natural:mimicry/copy_toggle",
        "natural:mimicry/orb_consume"
    ],
    "icon": {
        "item": "minecraft:writable_book"
    },
    "unchoosable": true,
    "impact": 3
}