{
    "name": "Mimicry",
    "description": "A perfect neutral technique that allows you to copy the techniques of others. Your current copied technique is Vocal Manipulation.",
    "powers": [
        "natural:vocal_manipulation/dont_move",
        "natural:vocal_manipulation/sleep",
        "natural:vocal_manipulation/blast_away",
        "natural:vocal_manipulation/explode",
        "natural:vocal_manipulation/die",
        "natural:mimicry/copy",
        "natural:mimicry/copy_particle",
        "natural:mimicry/copy_toggle",
        "natural:mimicry/orb_consume"
    ],
    "icon": {
        "item": "minecraft:writable_book"
    },
    "unchoosable": true,
    "impact": 3
}