{
    "name": "Mimicry",
    "description": "A perfect neutral technique that allows you to copy the techniques of others. Your current copied technique is Invisibility.",
    "powers": [
        "natural:invisibility/invisible",
        "natural:invisibility/invisible_bar_refill",
        "natural:invisibility/invisible_bar",
        "natural:invisibility/invisible_toggle",
        "natural:mimicry/copy",
        "natural:mimicry/copy_particle",
        "natural:mimicry/copy_toggle",
        "natural:mimicry/orb_consume"
    ],
    "icon": {
        "item": "minecraft:writable_book"
    },
    "unchoosable": true,
    "impact": 3
}