{
    "name": "Mimicry",
    "description": "A perfect neutral technique that allows you to copy the techniques of others. Your current copied technique is Impersonator.",
    "powers": [
        "natural:impersonator/toggle_disguise",
        "natural:impersonator/disguise",
        "natural:impersonator/particle",
        "natural:impersonator/remove_disguise",
        "natural:mimicry/copy",
        "natural:mimicry/copy_particle",
        "natural:mimicry/copy_toggle",
        "natural:mimicry/orb_consume"
    ],
    "icon": {
        "item": "minecraft:writable_book"
    },
    "unchoosable": true,
    "impact": 3
}