{
    "name": "Mimicry",
    "description": "A perfect neutral technique that allows you to copy the techniques of others. Your current copied technique is Soul Touch.",
    "powers": [
        "natural:soul_touch/toggle",
        "natural:soul_touch/more_damage",
        "natural:soul_touch/wither",
        "natural:soul_touch/sobel",
        "natural:soul_touch/particle",
        "natural:mimicry/copy",
        "natural:mimicry/copy_particle",
        "natural:mimicry/copy_toggle",
        "natural:mimicry/orb_consume"
    ],
    "icon": {
        "item": "minecraft:writable_book"
    },
    "unchoosable": true,
    "impact": 3
}