{
    "name": "Mimicry",
    "description": "A perfect neutral technique that allows you to copy the techniques of others. Your current copied technique is Healing Flame.",
    "powers": [
        "natural:healing_flame/toggle",
        "natural:healing_flame/particle",
        "natural:healing_flame/healing_touch",
        "natural:healing_flame/self_heal",
        "natural:mimicry/copy",
        "natural:mimicry/copy_particle",
        "natural:mimicry/copy_toggle",
        "natural:mimicry/orb_consume"
    ],
    "icon": {
        "item": "minecraft:writable_book"
    },
    "unchoosable": true,
    "impact": 3
}