{
    "name": "Mimicry",
    "description": "A perfect neutral technique that allows you to copy the techniques of others. Your current copied technique is Blood Manipulation.",
    "powers": [
        "natural:blood_manipulation/blood_tool",
        "natural:blood_manipulation/blood_tool_remove",
        "natural:blood_manipulation/stabbing_tendril",
        "natural:blood_manipulation/blood_meter",
        "natural:blood_manipulation/blood_meter_refill",
        "natural:blood_manipulation/red_blood",
        "natural:blood_manipulation/defense_toggle",
        "natural:blood_manipulation/red_scale_defensive",
        "natural:blood_manipulation/red_skin",
        "natural:blood_manipulation/ocular_toggle",
        "natural:blood_manipulation/red_scale_ocular",
        "natural:blood_manipulation/ocular_particles",
        "natural:blood_manipulation/ocular_blood_loss",
        "natural:mimicry/copy",
        "natural:mimicry/copy_particle",
        "natural:mimicry/copy_toggle",
        "natural:mimicry/orb_consume"
    ],
    "icon": {
        "item": "minecraft:writable_book"
    },
    "unchoosable": true,
    "impact": 3
}