{
    "name": "Mimicry",
    "description": "A perfect neutral technique that allows you to copy the techniques of others. Your current copied technique is Concentrated Rage.",
    "powers": [
        "natural:concentrated_rage/rage_bar_fill",
        "natural:concentrated_rage/explosion",
        "natural:concentrated_rage/thunder",
        "natural:concentrated_rage/rage_bar",
        "natural:mimicry/copy",
        "natural:mimicry/copy_particle",
        "natural:mimicry/copy_toggle",
        "natural:mimicry/orb_consume"
    ],
    "icon": {
        "item": "minecraft:writable_book"
    },
    "unchoosable": true,
    "impact": 3
}