{
    "name": "Mimicry",
    "description": "A perfect neutral technique that allows you to copy the techniques of others. Your current copied technique is Permeation.",
    "powers": [
        "natural:permeation/phase",
        "natural:permeation/invincible",
        "natural:permeation/toggle",
        "natural:permeation/phase_bar",
        "natural:permeation/phase_bar_lose",
        "natural:permeation/phase_bar_regain",
        "natural:mimicry/copy",
        "natural:mimicry/copy_particle",
        "natural:mimicry/copy_toggle",
        "natural:mimicry/orb_consume"
    ],
    "icon": {
        "item": "minecraft:writable_book"
    },
    "unchoosable": true,
    "impact": 3
}