{
    "name": "Mimicry",
    "description": "A perfect neutral technique that allows you to copy the techniques of others. Your current copied technique is Shatter.",
    "powers": [
        "natural:shatter/toggle",
        "natural:shatter/block_cut",
        "natural:shatter/slice_touch",
        "natural:shatter/particles",
        "natural:mimicry/copy",
        "natural:mimicry/copy_particle",
        "natural:mimicry/copy_toggle",
        "natural:mimicry/orb_consume"
    ],
    "icon": {
        "item": "minecraft:writable_book"
    },
    "unchoosable": true,
    "impact": 3
}