{
    "name": "Disguising Touch",
    "description": "When your primary is activated, right-clicking anyone will disguise you as them.",
    "badges": [
        {
            "type": "origins:tooltip",
            "text": "Your hands must also be empty in order to disguise as someone!",
            "sprite": "origins:textures/gui/badge/star.png"
        }
    ],
    "type": "origins:toggle",
    "active_by_default": false,
    "key": {
        "key": "key.origins.primary_active"
    },
    "retain_state": true
}