{
    "order": 2,
    "origins": [
        "natural:energy_traits/electric_energy",
        "natural:energy_traits/no_energy_trait_1",
        "natural:energy_traits/no_energy_trait_2",
        "natural:energy_traits/no_energy_trait_3",
        "natural:energy_traits/no_energy_trait_4",
        "natural:energy_traits/no_energy_trait_5",
        "natural:energy_traits/rough_energy_2",
        "natural:energy_traits/rough_energy_1"
    ],
    "enabled": true,
    "replace": true,
    "loading_priority": 1,
    "name": "energy trait",
    "allow_random": true,
    "allow_random_unchoosable": true
}