{
    "order": 1,
    "origins": [
        "natural:blood_manipulation",
        "natural:clap_and_flash",
        "natural:concentrated_rage",
        "natural:gravity_repulsion",
        "natural:heavenly_restriction",
        "natural:invisibility",
        "natural:impersonator",
        "natural:mimicry",
        "natural:permeation",
        "natural:seance",
        "natural:self_detonation",
        "natural:shadow_manipulation",
        "natural:shatter",
        "natural:simulation",
        "natural:soul_touch",
        "natural:target",
        "natural:transference",
        "natural:vocal_manipulation",
        "natural:techniqueless",
        "natural:mimicry_copied/mimic_gravity_repulsion",
        "natural:mimicry_copied/mimic_clap_and_flash",
        "natural:mimicry_copied/mimic_impersonator",
        "natural:mimicry_copied/mimic_seance",
        "natural:mimicry_copied/mimic_soul_touch",
        "natural:mimicry_copied/mimic_permeation",
        "natural:mimicry_copied/mimic_self_detonation",
        "natural:mimicry_copied/mimic_shadow_manipulation",
        "natural:mimicry_copied/mimic_target",
        "natural:mimicry_copied/mimic_concentrated_rage",
        "natural:mimicry_copied/mimic_blood_manipulation",
        "natural:mimicry_copied/mimic_vocal_manipulation",
        "natural:mimicry_copied/mimic_simulation",
        "natural:mimicry_copied/mimic_shadow_manipulation",
        "natural:mimicry_copied/mimic_invisiblity",
        "natural:mimicry_copied/mimic_shatter",
        "natural:transference/blood_manipulation",
        "natural:transference/clap_and_flash",
        "natural:transference/concentrated_rage",
        "natural:transference/gravity_repulsion",
        "natural:transference/impersonator",
        "natural:transference/invisibility",
        "natural:transference/permeation",
        "natural:transference/seance",
        "natural:transference/self_detonation",
        "natural:transference/shadow_manipulation",
        "natural:transference/shatter",
        "natural:transference/simulation",
        "natural:transference/soul_touch",
        "natural:transference/target",
        "natural:transference/vocal_manipulation",
        "natural:healing_flame",
        "natural:mimicry_copied/mimic_healing_flame",
        "natural:transference/healing_flame"
    ],
    "enabled": true,
    "loading_priority": 3,
    "name": "natural technique",
    "allow_random": true,
    "allow_random_unchoosable": true,
    "exclude_random": [
        "natural:transference",
        "natural:mimicry_copied/mimic_gravity_repulsion",
        "natural:mimicry_copied/mimic_clap_and_flash",
        "natural:mimicry_copied/mimic_impersonator",
        "natural:mimicry_copied/mimic_seance",
        "natural:mimicry_copied/mimic_soul_touch",
        "natural:mimicry_copied/mimic_permeation",
        "natural:mimicry_copied/mimic_self_detonation",
        "natural:mimicry_copied/mimic_shadow_manipulation",
        "natural:mimicry_copied/mimic_target",
        "natural:mimicry_copied/mimic_concentrated_rage",
        "natural:mimicry_copied/mimic_blood_manipulation",
        "natural:mimicry_copied/mimic_vocal_manipulation",
        "natural:mimicry_copied/mimic_simulation",
        "natural:mimicry_copied/mimic_shadow_manipulation",
        "natural:mimicry_copied/mimic_invisiblity",
        "natural:mimicry_copied/mimic_shatter",
        "natural:transference/blood_manipulation",
        "natural:transference/clap_and_flash",
        "natural:transference/concentrated_rage",
        "natural:transference/gravity_repulsion",
        "natural:transference/impersonator",
        "natural:transference/invisibility",
        "natural:transference/permeation",
        "natural:transference/seance",
        "natural:transference/self_detonation",
        "natural:transference/shadow_manipulation",
        "natural:transference/shatter",
        "natural:transference/simulation",
        "natural:transference/soul_touch",
        "natural:transference/target",
        "natural:transference/vocal_manipulation",
        "natural:mimicry_copied/mimic_string_manipulation",
        "natural:mimicry_copied/mimic_healing_flame",
        "natural:transference/healing_flame",
        "natural:transference/string_manipulation"
    ]
}