{
    "name": "Cursed Death",
    "description": "When you die, you are permanently stuck in spectator mode. Don't die.",
    "type": "origins:action_on_death",
    "bientity_action": {
        "type": "origins:target_action",
        "action": {
            "type": "origins:execute_command",
            "command": "gamemode spectator @s"
        }
    },
    "bientity_condition": {
        "type": "origins:target_condition",
        "condition": {
            "type": "origins:origin",
            "origin": "natural:life/cursed_spirit",
            "layer": "origins:life"
        }
    }
}