{
    "name": "Revival",
    "description": "While you have your primary activated, if you right-click a player who is currently a ghost, they will be revived to their first life.",
    "badges": [
        {
            "type": "origins:tooltip",
            "text": "Revival is only usable when your hands are empty.",
            "sprite": "origins:textures/gui/badge/star.png"
        }
    ],
    "hidden": true,
    "condition": {
        "type": "origins:power_active",
        "power": "natural:seance/toggle"
    },
    "type": "origins:action_on_entity_use",
    "bientity_action": {
        "type": "origins:target_action",
        "action": {
            "type": "origins:and",
            "actions": [
                {
                    "type": "origins:execute_command",
                    "command": "gamemode survival @s"
                },
                {
                    "type": "origins:execute_command",
                    "command": "origin set @s origins:life natural:life/life_1"
                },
                {
                    "type": "origins:play_sound",
                    "sound": "minecraft:entity.lightning_bolt.thunder",
                    "volume": 1,
                    "pitch": 1
                }
            ]
        }
    },
    "bientity_condition": {
        "type": "origins:target_condition",
        "condition": {
            "type": "origins:origin",
            "origin": "natural:life/ghost",
            "layer": "origins:life"
        }
    },
    "item_condition": {
        "type": "origins:empty"
    },
    "action_result": "success",
    "priority": 0
}