{
    "name": "Flash Step",
    "description": "By using your denary, quickly dash to a near opponent.",
    "badges": [
        {
            "type": "origins:tooltip",
            "text": "You will shoot out an invisible particle, that when it hits an entity, you will dash to it.",
            "sprite": "origins:textures/gui/badge/star.png"
        }
    ],
    "type": "origins:active_self",
    "entity_action": {
        "type": "origins:raycast",
        "distance": 50,
        "block": false,
        "entity": true,
        "shape_type": "outline",
        "fluid_handling": "any",
        "bientity_action": {
            "type": "appli:teleport",
            "swap": false
        },
        "space": "world"
    },
    "cooldown": 100,
    "hud_render": {
        "should_render": true,
        "sprite_location": "origins:textures/gui/community/spiderkolo/resource_bar_02.png",
        "bar_index": 7
    },
    "key": {
        "key": "key.origins.denary_active"
    }
}