{
    "name": "Heavenly Strength",
    "description": "Because of your inability to have use life energy, you are incredibly strong, and have more health than a normal person. You are also immune to being poisoned.",
    "type": "origins:multiple",
    "strength": {
        "type": "origins:modify_attribute",
        "attribute": "generic.attack_damage",
        "modifier": {
            "operation": "set_base",
            "value": 6
        }
    },
    "health": {
        "type": "origins:modify_attribute",
        "attribute": "generic.max_health",
        "modifier": {
            "operation": "set_base",
            "value": 24
        }
    },
    "breakspeed": {
        "type": "origins:modify_attribute",
        "attribute": "player.block_break_speed",
        "modifier": {
            "operation": "set_base",
            "value": 1.5
        }
    }
}