{
    "name": "Invisible",
    "description": "While your primary is activated, you are invisible. However, your armor will not appear invisible. While invisible, your invisiblity bar will slowly drain. ",
    "condition": {
        "type": "origins:resource",
        "resource": "natural:invisibility/invisible_bar",
        "comparison": ">=",
        "compare_to": 1
    },
    "type": "origins:toggle",
    "active_by_default": false,
    "key": {
        "key": "key.origins.primary_active"
    },
    "retain_state": true
}