{
    "name": "Bar Refill",
    "description": "Whenever you don't have your primary activated, your invisiblity bar will slowly refill.",
    "condition": {
        "inverted": true,
        "type": "origins:power_active",
        "power": "natural:invisibility/invisible_toggle"
    },
    "type": "origins:action_over_time",
    "interval": 30,
    "entity_action": {
        "type": "origins:change_resource",
        "resource": "natural:invisibility/invisible_bar",
        "change": 1,
        "operation": "add"
    }
}